[
    {
        "code":"138",
        "name":"ABCAPITAL"
    },
    {
        "code":"062",
        "name":"AFIRME"
    },
    {
        "code":"103",
        "name":"AMEX"
    },
    {
        "code":"652",
        "name":"ASEA"
    },
    {
        "code":"659",
        "name":"ASPINTEGRA"
    },
    {
        "code":"128",
        "name":"AUTOFIN"
    },
    {
        "code":"127",
        "name":"AZTECA"
    },
    {
        "code":"927",
        "name":"AZTECA2"
    },
    {
        "code":"030",
        "name":"BAJIO"
    },
    {
        "code":"106",
        "name":"BAMSA"
    },
    {
        "code":"002",
        "name":"Banamex"
    },
    {
        "code":"802",
        "name":"BANAMEX2"
    },
    {
        "code":"819",
        "name":"BANCO PRUEBAS"
    },
    {
        "code":"160",
        "name":"BANCO S3"
    },
    {
        "code":"996",
        "name":"BanCobro"
    },
    {
        "code":"998",
        "name":"BanCobroA"
    },
    {
        "code":"997",
        "name":"BanCobroB"
    },
    {
        "code":"131",
        "name":"BANCOFAMSA"
    },
    {
        "code":"012",
        "name":"BANCOMER"
    },
    {
        "code":"006",
        "name":"BANCOMEXT"
    },
    {
        "code":"137",
        "name":"BANCOPPEL"
    },
    {
        "code":"152",
        "name":"BANCREA"
    },
    {
        "code":"019",
        "name":"BANJERCITO"
    },
    {
        "code":"159",
        "name":"BANK OF CHINA"
    },
    {
        "code":"147",
        "name":"BANKAOOL"
    },
    {
        "code":"009",
        "name":"BANOBRAS"
    },
    {
        "code":"872",
        "name":"BANORTE2"
    },
    {
        "code":"072",
        "name":"BANORTEIXE"
    },
    {
        "code":"058",
        "name":"BANREGIO"
    },
    {
        "code":"166",
        "name":"BANSEFI"
    },
    {
        "code":"060",
        "name":"BANSI"
    },
    {
        "code":"001",
        "name":"BANXICO"
    },
    {
        "code":"129",
        "name":"BARCLAYS"
    },
    {
        "code":"145",
        "name":"BBASE"
    },
    {
        "code":"812",
        "name":"BBVA BANCOMER2"
    },
    {
        "code":"112",
        "name":"BMONEX"
    },
    {
        "code":"698",
        "name":"BURSAMETRICA"
    },
    {
        "code":"676",
        "name":"C.B. INBURSA"
    },
    {
        "code":"677",
        "name":"CAJAPOPMEXI"
    },
    {
        "code":"683",
        "name":"CAJATELEFONIST"
    },
    {
        "code":"697",
        "name":"CAPITAL ACTIVO"
    },
    {
        "code":"626",
        "name":"CBDEUTSCHE"
    },
    {
        "code":"153",
        "name":"CHIHUAHUA"
    },
    {
        "code":"143",
        "name":"CIBANCO"
    },
    {
        "code":"903",
        "name":"CODI_VALIDA"
    },
    {
        "code":"130",
        "name":"COMPARTAMOS"
    },
    {
        "code":"140",
        "name":"CONSUBANCO"
    },
    {
        "code":"688",
        "name":"CREDICLUB"
    },
    {
        "code":"126",
        "name":"CREDITSUISS"
    },
    {
        "code":"680",
        "name":"CRISTOBALC"
    },
    {
        "code":"124",
        "name":"DEUTSCHE"
    },
    {
        "code":"151",
        "name":"DONDE"
    },
    {
        "code":"606",
        "name":"ESTRUCTURADORES"
    },
    {
        "code":"648",
        "name":"EVERCORE"
    },
    {
        "code":"616",
        "name":"FINAMEX"
    },
    {
        "code":"634",
        "name":"FINCOMUN"
    },
    {
        "code":"154",
        "name":"FINTERRA"
    },
    {
        "code":"689",
        "name":"FOMPED"
    },
    {
        "code":"685",
        "name":"FONDOFIRA"
    },
    {
        "code":"601",
        "name":"GBM"
    },
    {
        "code":"562",
        "name":"GEM-AFIRME"
    },
    {
        "code":"838",
        "name":"GEM-AKALA"
    },
    {
        "code":"603",
        "name":"GEM-AMEX"
    },
    {
        "code":"852",
        "name":"GEM-ASEA"
    },
    {
        "code":"860",
        "name":"GEM-ASP-FINANC"
    },
    {
        "code":"628",
        "name":"GEM-AUTOFIN"
    },
    {
        "code":"627",
        "name":"GEM-AZTECA"
    },
    {
        "code":"530",
        "name":"GEM-BAJIO"
    },
    {
        "code":"502",
        "name":"GEM-BANAMEX"
    },
    {
        "code":"302",
        "name":"GEM-BANAMEX2"
    },
    {
        "code":"660",
        "name":"GEM-BANCO S3"
    },
    {
        "code":"512",
        "name":"GEM-BANCOMER"
    },
    {
        "code":"412",
        "name":"GEM-BANCOMER2"
    },
    {
        "code":"506",
        "name":"GEM-BANCOMEXT"
    },
    {
        "code":"637",
        "name":"GEM-BANCOPPEL"
    },
    {
        "code":"519",
        "name":"GEM-BANJERCITO"
    },
    {
        "code":"447",
        "name":"GEM-BANKAOOL"
    },
    {
        "code":"303",
        "name":"GEM-BANKOFCHINA"
    },
    {
        "code":"509",
        "name":"GEM-BANOBRAS"
    },
    {
        "code":"572",
        "name":"GEM-BANORTE/IXE"
    },
    {
        "code":"558",
        "name":"GEM-BANREGIO"
    },
    {
        "code":"566",
        "name":"GEM-BANSEFI"
    },
    {
        "code":"560",
        "name":"GEM-BANSI"
    },
    {
        "code":"501",
        "name":"GEM-BANXICO"
    },
    {
        "code":"801",
        "name":"GEM-BANXICO2"
    },
    {
        "code":"629",
        "name":"GEM-BARCLAYS"
    },
    {
        "code":"854",
        "name":"GEM-BBASE"
    },
    {
        "code":"633",
        "name":"GEM-BCO ACTINVE"
    },
    {
        "code":"452",
        "name":"GEM-BM BANCREA"
    },
    {
        "code":"898",
        "name":"GEM-BURSAMETRIC"
    },
    {
        "code":"876",
        "name":"GEM-C.B. INBURS"
    },
    {
        "code":"840",
        "name":"GEM-C.B. J.P. M"
    },
    {
        "code":"880",
        "name":"GEM-CAJ CRISTOB"
    },
    {
        "code":"877",
        "name":"GEM-CAJAPOPMEX"
    },
    {
        "code":"883",
        "name":"GEM-CAJA_TELMEX"
    },
    {
        "code":"897",
        "name":"GEM-CAPITAL ACT"
    },
    {
        "code":"830",
        "name":"GEM-CB INTERCAM"
    },
    {
        "code":"653",
        "name":"GEM-CHIHUAHUA"
    },
    {
        "code":"831",
        "name":"GEM-CI BOLSA"
    },
    {
        "code":"630",
        "name":"GEM-COMPARTAMOS"
    },
    {
        "code":"640",
        "name":"GEM-CONSUBANCO"
    },
    {
        "code":"743",
        "name":"GEM-CONSULTORIA"
    },
    {
        "code":"888",
        "name":"GEM-CREDICLUB"
    },
    {
        "code":"330",
        "name":"GEM-DES_COMPART"
    },
    {
        "code":"624",
        "name":"GEM-DEUTSCHE"
    },
    {
        "code":"451",
        "name":"GEM-DONDE"
    },
    {
        "code":"823",
        "name":"GEM-ESTRUCTURAD"
    },
    {
        "code":"848",
        "name":"GEM-EVERCORE"
    },
    {
        "code":"631",
        "name":"GEM-FAMSA"
    },
    {
        "code":"816",
        "name":"GEM-FINAMEX"
    },
    {
        "code":"834",
        "name":"GEM-FINCOMUN"
    },
    {
        "code":"654",
        "name":"GEM-FINTERRA"
    },
    {
        "code":"885",
        "name":"GEM-FONDO"
    },
    {
        "code":"707",
        "name":"GEM-GBM"
    },
    {
        "code":"836",
        "name":"GEM-HDI SEGUROS"
    },
    {
        "code":"668",
        "name":"GEM-HIPOTECARIA"
    },
    {
        "code":"521",
        "name":"GEM-HSBC"
    },
    {
        "code":"421",
        "name":"GEM-HSBC2"
    },
    {
        "code":"321",
        "name":"GEM-HSBC3"
    },
    {
        "code":"323",
        "name":"GEM-HSBC4"
    },
    {
        "code":"322",
        "name":"GEM-HSBC_DES"
    },
    {
        "code":"455",
        "name":"GEM-ICBC"
    },
    {
        "code":"536",
        "name":"GEM-INBURSA"
    },
    {
        "code":"858",
        "name":"GEM-INDEVAL"
    },
    {
        "code":"450",
        "name":"GEM-INMOBIMEX"
    },
    {
        "code":"636",
        "name":"GEM-INTERCAM"
    },
    {
        "code":"886",
        "name":"GEM-INVERCAP"
    },
    {
        "code":"544",
        "name":"GEM-INVERLAT"
    },
    {
        "code":"444",
        "name":"GEM-INVERLAT2"
    },
    {
        "code":"559",
        "name":"GEM-INVEX"
    },
    {
        "code":"610",
        "name":"GEM-JPMORGAN"
    },
    {
        "code":"861",
        "name":"GEM-LIBERTAD"
    },
    {
        "code":"767",
        "name":"GEM-MASARI"
    },
    {
        "code":"542",
        "name":"GEM-MIFEL"
    },
    {
        "code":"315",
        "name":"GEM-MIFEL2"
    },
    {
        "code":"658",
        "name":"GEM-MIZUHO"
    },
    {
        "code":"721",
        "name":"GEM-MONEX"
    },
    {
        "code":"813",
        "name":"GEM-MULTIVA"
    },
    {
        "code":"635",
        "name":"GEM-NAFIN"
    },
    {
        "code":"638",
        "name":"GEM-NORESTE"
    },
    {
        "code":"737",
        "name":"GEM-ORDER"
    },
    {
        "code":"849",
        "name":"GEM-OSKNDIA"
    },
    {
        "code":"448",
        "name":"GEM-PAGATODO"
    },
    {
        "code":"881",
        "name":"GEM-PRESTAMO"
    },
    {
        "code":"304",
        "name":"GEM-PRESTAMO1"
    },
    {
        "code":"305",
        "name":"GEM-PRESTAMO2"
    },
    {
        "code":"306",
        "name":"GEM-PRESTAMO3"
    },
    {
        "code":"820",
        "name":"GEM-PROFUTURO"
    },
    {
        "code":"896",
        "name":"GEM-PROSA"
    },
    {
        "code":"842",
        "name":"GEM-REFORMA"
    },
    {
        "code":"656",
        "name":"GEM-SABADELL"
    },
    {
        "code":"414",
        "name":"GEM-SANTANDE"
    },
    {
        "code":"514",
        "name":"GEM-SANTANDER"
    },
    {
        "code":"314",
        "name":"GEM-SANTANDES"
    },
    {
        "code":"657",
        "name":"GEM-SHINHAN"
    },
    {
        "code":"923",
        "name":"GEM-SKANDIA"
    },
    {
        "code":"856",
        "name":"GEM-SOFIEXPRESS"
    },
    {
        "code":"846",
        "name":"GEM-STP"
    },
    {
        "code":"895",
        "name":"GEM-TE CREEMOS"
    },
    {
        "code":"884",
        "name":"GEM-TRANSFER"
    },
    {
        "code":"857",
        "name":"GEM-UNAGRA"
    },
    {
        "code":"817",
        "name":"GEM-VALMEX"
    },
    {
        "code":"719",
        "name":"GEM-VALUE"
    },
    {
        "code":"826",
        "name":"GEM-VECTOR"
    },
    {
        "code":"641",
        "name":"GEM-VOLKSWAGEN"
    },
    {
        "code":"892",
        "name":"GEM-XXI-BANORTE"
    },
    {
        "code":"853",
        "name":"GEMELO KUSPIT"
    },
    {
        "code":"168",
        "name":"HIPOTECARIA"
    },
    {
        "code":"021",
        "name":"HSBC"
    },
    {
        "code":"821",
        "name":"HSBC2"
    },
    {
        "code":"155",
        "name":"ICBC"
    },
    {
        "code":"036",
        "name":"Inbursa"
    },
    {
        "code":"902",
        "name":"INDEVAL"
    },
    {
        "code":"150",
        "name":"INMOBILIARI"
    },
    {
        "code":"136",
        "name":"INTERCAM"
    },
    {
        "code":"686",
        "name":"INVERCAP"
    },
    {
        "code":"102",
        "name":"INVESTABANK"
    },
    {
        "code":"059",
        "name":"INVEX"
    },
    {
        "code":"110",
        "name":"JPMORGAN"
    },
    {
        "code":"670",
        "name":"LIBERTAD"
    },
    {
        "code":"602",
        "name":"MASARI"
    },
    {
        "code":"301",
        "name":"MEMBER_A"
    },
    {
        "code":"042",
        "name":"MIFEL"
    },
    {
        "code":"158",
        "name":"MIZUHO BANK"
    },
    {
        "code":"600",
        "name":"MONEXCB"
    },
    {
        "code":"108",
        "name":"MUFG"
    },
    {
        "code":"613",
        "name":"MULTIVA CBOLSA"
    },
    {
        "code":"132",
        "name":"MULTIVABANC"
    },
    {
        "code":"135",
        "name":"NAFIN"
    },
    {
        "code":"687",
        "name":"null"
    },
    {
        "code":"649",
        "name":"OSKNDIA"
    },
    {
        "code":"148",
        "name":"PAGATODO"
    },
    {
        "code":"620",
        "name":"PROFUTURO"
    },
    {
        "code":"642",
        "name":"REFORMA"
    },
    {
        "code":"156",
        "name":"SABADELL"
    },
    {
        "code":"014",
        "name":"SANTANDER"
    },
    {
        "code":"814",
        "name":"SANTANDER2"
    },
    {
        "code":"696",
        "name":"SC PROM Y OP"
    },
    {
        "code":"044",
        "name":"SCOTIABANK"
    },
    {
        "code":"157",
        "name":"SHINHAN"
    },
    {
        "code":"623",
        "name":"SKANDIA"
    },
    {
        "code":"655",
        "name":"SOFIEXPRESS"
    },
    {
        "code":"646",
        "name":"STP"
    },
    {
        "code":"695",
        "name":"TE CREEMOS"
    },
    {
        "code":"684",
        "name":"Transfer"
    },
    {
        "code":"999",
        "name":"Validador"
    },
    {
        "code":"617",
        "name":"VALORES"
    },
    {
        "code":"605",
        "name":"VALUE"
    },
    {
        "code":"608",
        "name":"VECTOR"
    },
    {
        "code":"113",
        "name":"VEPORMAS"
    },
    {
        "code":"141",
        "name":"VOLKSWAGEN"
    },
    {
        "code":"692",
        "name":"XXI"
    }
]
